iter	RMSE
0	174196395.2
1	155235065.9
2	142863131
3	128583883.6
4	118588415.1
5	109314451.3
6	106646779.1
7	100949586.3
8	94771757.31
9	88846493.7
10	86927668.39
11	80667267.56
12	78312019.93
13	74838019.81
14	70806790.26
15	66937408.09
16	63079373.54
17	61618285.02
18	60657483.14
19	57987374.12
20	56145848.04
21	54064955.17
22	53117667.37
23	51798667.05
24	51013061.84
25	48912597.55
26	46273126.45
27	45687555.66
28	45158430.22
29	44808134.54
30	44501736.32
31	44124138.38
32	41642137.19
33	41403531.02
34	41105648.17
35	40826209.72
36	40581293.46
37	40425432.35
38	40221516.29
39	37631663.82
40	35966762.27
41	35196026.26
42	35073795.43
43	34964237.93
44	34559162.63
45	34468807.84
46	34388795.43
47	33403796.28
48	33336915.44
49	32176364.94
50	31786016.47
51	31438142.49
52	30885191.62
53	30572461.96
54	29648888.44
55	29390172.32
56	29159981.98
57	28472929.33
58	28270666.15
59	27401720.99
60	26885265.7
61	26723355.78
62	26117869.98
63	25482873.2
64	24932919.16
65	24621602.32
66	24327576.87
67	23916028.64
68	23642227.56
69	23510579.77
70	23208707.49
71	22969492.94
72	22829920.22
73	22694501.96
74	22514261.96
75	22225462.15
76	22014511.61
77	21823004.44
78	21690917.48
79	21552742.12
80	20975640.16
81	20725777.92
82	20484362.09
83	20089287.66
84	19719761.19
85	19651901.5
86	19277466.23
87	19228367.64
88	19094025.1
89	18944244.96
90	18647615.79
91	18551506.91
92	18467986.25
93	18321288.01
94	18093499.63
95	18016112.24
96	17893739.68
97	17772165.94
98	17601638.47
99	17428792.81
